이름,학번,성별,나이,음주 호불호,조장 희망 여부,조원 나이대 희망,특이사항,조
김대현,2018191011,남,25,상관 없음,상관 없음,상관없음,,1
이지윤,2021247052,여,24,상관 없음,희망하지 않음,비슷한 나이대 선호,,1
류지현,2022118028,여,21,상관 없음,희망하지 않음,비슷한 나이대 선호,,1
김은희,2021246016,여,23,불호,희망하지 않음,비슷한 나이대 선호,,1
홍재백,2020118030,남,24,불호,희망하지 않음,상관없음,컴과 조원이 있으면 좋겠습니다!,1
한태현,2023199044,남,21,불호,희망하지 않음,상관없음,저는 금요일이 아예 안됩니다. 토요일 저녁 모임이 가장 좋습니다. 감사합니다. ^^,1
강동완,2016115001,남,26,불호,희망하지 않음,상관없음,,1
이민재,2021135016,남,26,호,희망하지 않음,상관없음,도시공학과 & 산업공학과 조원이 있으면 좋을 것 같습니당,2
이재영,2022144012,남,21,호,희망하지 않음,비슷한 나이대 선호,,2
심예진,2020190146,여,23,호,희망하지 않음,상관없음,,2
고현,2021181051,남,24,상관 없음,희망하지 않음,상관없음,,2
이나연,2022190207,여,21,상관 없음,희망하지 않음,비슷한 나이대 선호,CTM  류연지님이랑 같은 소모임이면 좋겠어요!!,2
김재희,2019144072,여,24,상관 없음,희망,상관없음,,2
전상완,2021142072,남,21,호,희망하지 않음,상관없음,,2
손규진,2020190099,남,23,호,희망하지 않음,비슷한 나이대 선호,,3
윤성민,2022147019,남,21,상관 없음,희망하지 않음,비슷한 나이대 선호,무리한 요구일 수도 있지만 제가 술게임을 아예 안 해서 술을 마시게 되면 술게임보단 이야기를 할 수 있는 분위기거나 분위기를 잘 띄워주실 수 있는 외향적인 분들이 많은 조에 배정되고 싶습니다 ㅜㅜ .. ,3
이지호,2021199081,여,22,상관 없음,상관 없음,비슷한 나이대 선호,경영학 전공 조원이 있으면 좋겠습니다!,3
김민규,2017142127,남,26,호,희망하지 않음,상관없음,간맥처럼 술을 즐기는 사람이 있으면 좋겠습니다,3
김혜준,2021106009,여,24,호,희망하지 않음,상관없음, ,3
김혜은,2021119017,여,23,상관 없음,희망하지 않음,상관없음,,3
이동욱,2022121191,남,21,호,희망하지 않음,비슷한 나이대 선호,,3
최인선,2020154001,여,23,상관 없음,희망하지 않음,비슷한 나이대 선호,,4
나세현,2020195039,여,24,불호,희망하지 않음,상관없음,,4
임형석,2022147017,남,21,불호,희망하지 않음,상관없음,,4
김도윤,2023112044,남,20,불호,희망하지 않음,비슷한 나이대 선호,송도에 있는 사람들이 있으면 좋겠습니다..,4
이영석,2020199082,남,23,상관 없음,상관 없음,상관없음,,4
송윤서,2022195027,여,21,상관 없음,희망하지 않음,비슷한 나이대 선호,,4
박지우,2022112051,여,21,불호,희망하지 않음,비슷한 나이대 선호,제가 여자라 여성 비율이 많았으면 좋겠습니다!,4
이하영,2021152027,여,22,상관 없음,희망하지 않음,상관없음,,5
정인아,2022123238,여,21,불호,상관 없음,상관없음,,5
이재은,2022149023,여,21,상관 없음,희망하지 않음,상관없음,,5
김지훈,2019111050,남,29,상관 없음,상관 없음,상관없음,,5
신예강,2019195005,여,24,상관 없음,상관 없음,상관없음,,5
석진혁,2017145088,남,26,불호,희망하지 않음,비슷한 나이대 선호,"제가 올해 26살이라 나이가 조금 있는 편이어서, 그것만 고려해주시면 감사할 것 같습니다.",5
이진우,2020142054,남,23,상관 없음,희망하지 않음,상관없음,인공지능 / 게임 관련 조원이있으면 더 좋을것같습니다ㅎ,5
서수연,2021190106,여,22,호,희망하지 않음,비슷한 나이대 선호,,6
이희원,2021142221,남,22,상관 없음,희망하지 않음,비슷한 나이대 선호,술 극호인 소모임만 아니였으면 좋겠습니다!,6
김정우,2022193019,남,21,호,상관 없음,상관없음,,6
최은채,2022123044,여,21,호,희망하지 않음,상관없음,,6
유재훈,2020123291,남,24,호,희망하지 않음,상관없음,"제발,,,, mbti F가 필요하고,,,",6
조석희,2022162006,남,21,호,희망하지 않음,비슷한 나이대 선호,신소재공학과 경제학과 경영학과 조원 희망합니다!!,6
류연지,2021195125,여,24,호,희망하지 않음,비슷한 나이대 선호,비슷한 나이대의 부원들이면 더 좋을 것 같아요!,6
이경서,2021190246,여,23,상관 없음,희망하지 않음,상관없음,가능하다면 동갑 또는 그 이상 (23살 또는 그 이상) 학우분들과 같은 조가 되면 좋겠습니다. ,7
최예나,2021125051,여,23,호,상관 없음,상관없음,,7
박정우,2020232195,남,31,상관 없음,희망하지 않음,비슷한 나이대 선호,,7
이창대,2017195019,남,26,호,상관 없음,상관없음,현재 송도 기숙사에 살고 있어서 송도에서 주로 활동하는 소모임을 선호합니다. 비슷한 나이대를 선호하지만 송도 특성상 힘들기 때문에 나이대는 크게 상관 없습니다!,7
김수연,2019153007,여,24,호,상관 없음,상관없음,부회장님이랑 같은 조 하고 싶어요~!,7
윤석준,2022149019,남,21,호,희망하지 않음,상관없음,,7
최유원,2021190150,여,23,호,희망하지 않음,상관없음,,7
차은지,2019190080,여,25,상관 없음,희망하지 않음,상관없음,,8
박현진,2022123286,남,22,상관 없음,희망하지 않음,상관없음,,8
김수민,2021123365,여,24,상관 없음,희망하지 않음,비슷한 나이대 선호,,8
이하영,2020118034,여,25,호,상관 없음,비슷한 나이대 선호,,8
정동원,2019199061,남,23,호,상관 없음,비슷한 나이대 선호,컴퓨터과학과 본전공이나 복수전공 하시는분이 한 분 계시면 좋겠습니다!,8
강원준,2019112014,남,26,호,희망하지 않음,비슷한 나이대 선호,컴퓨터과학과 조원이 있으면 좋겠습니다! 또 남녀 성비가 골고루 배치되었으면 좋겠습니다,8
윤태호,2019145113,남,26,상관 없음,상관 없음,상관없음,,8
장서원,2022115029,여,22,상관 없음,희망하지 않음,상관없음,맛집탐방...먹는 소모임 위주면 좋겠습니다. ! ,9
김현진,2020119023,여,24,상관 없음,희망하지 않음,상관없음,낯가림이 있는 편이라 이경서 부원과 같은 조에 넣어주실 수 있다면 감사하겠습니다 :),9
박예찬,2017112016,남,26,상관 없음,희망하지 않음,상관없음,,9
유현지,2022123014,여,21,상관 없음,희망하지 않음,상관없음,,9
이정민,2017190045,남,26,불호,희망하지 않음,비슷한 나이대 선호,,9
윤찬용,2020199064,남,23,불호,희망하지 않음,비슷한 나이대 선호,같은 학번이나 한 학번 차이 조원들로 최대한 꾸려주시면 감사하겠습니다!,9
권성현,2019191035,남,23,상관 없음,희망하지 않음,비슷한 나이대 선호,"단순히 포인트 채우는 용도가 아니라, 조원들과 친해지는 소모임을 원하는 사람이 많았으면 좋겠습니다~",9
최서현,2023122048,여,20,호,희망하지 않음,비슷한 나이대 선호,,10
박문수,2018143507,남,25,호,희망,상관없음,,10
소효은,2022148011,여,22,상관 없음,희망하지 않음,비슷한 나이대 선호,,10
김수민,2022122051,여,23,호,희망하지 않음,상관없음,,10
정희주,2022125033,여,21,상관 없음,희망하지 않음,비슷한 나이대 선호,,10
강은혁,2022135006,남,21,호,희망하지 않음,상관없음,라스트댄스 즐기고싶어요,10
임도근,2022114014,남,26,상관 없음,희망하지 않음,상관없음,,10
정유림,2020162048,여,26,호,희망하지 않음,상관없음,,11
염희선,2021129037,여,22,호,희망하지 않음,상관없음,비슷한 나이대 적어도 1명은 있으면 좋을 것 같아요!,11
염제원,2018131008,남,25,호,희망,상관없음,,11
박희재,2020190162,남,24,호,상관 없음,상관없음,극강의 활발함 + 노래방 좋아하시는 분이면 좋겠습니다!!,11
백민준,2017115033,남,25,호,상관 없음,비슷한 나이대 선호,,11
소하솜,2021136024,여,22,호,희망하지 않음,상관없음,,11
박주언,2018182058,여,27,상관 없음,희망하지 않음,비슷한 나이대 선호,창업/ai 관심 있는 분이나 컴과 전공생/복전생 계셨으면 좋겠어요~,11
김성현,2022148050,남,21,불호,상관 없음,상관없음,,12
방가빈,2022146022,여,21,상관 없음,희망,상관없음,,12
고종원,2017142158,남,26,불호,희망하지 않음,상관없음,,12
김대성,2019191026,남,25,불호,상관 없음,상관없음,,12
김가윤,2021190181,여,23,상관 없음,희망하지 않음,상관없음,,12
정환훈,2022147016,남,21,상관 없음,희망하지 않음,상관없음,,12
정성집,2022131027,남,21,상관 없음,희망하지 않음,비슷한 나이대 선호,,13
김지원,2022147022,여,21,호,희망하지 않음,비슷한 나이대 선호,,13
임촌,2022195148,남,24,상관 없음,희망하지 않음,비슷한 나이대 선호,,13
김태훈,2018144016,남,26,상관 없음,희망하지 않음,상관없음,,13
양나진,2019195083,여,24,호,희망,비슷한 나이대 선호,,13
배소현,2021123270,여,23,상관 없음,희망하지 않음,비슷한 나이대 선호,,13
성수현,2019195146,여,23,호,희망하지 않음,비슷한 나이대 선호,비슷한 나이대!,13
이현지,2018195047,여,25,상관 없음,희망,비슷한 나이대 선호,없음,14
백세빈,2022118002,여,23,호,희망하지 않음,상관없음,,14
서기석,2017143526,남,26,호,상관 없음,상관없음,,14
윤석준,2022149019,남,21,호,희망하지 않음,상관없음,,14
김민이,2018146065,여,25,호,상관 없음,비슷한 나이대 선호,,14
문범용,2022142098,남,21,상관 없음,희망하지 않음,상관없음,,14
윤승연,2022127008,여,23,불호,희망하지 않음,비슷한 나이대 선호,,15
이제인,2021144034,여,26,불호,희망하지 않음,비슷한 나이대 선호,,15
김휘서,2020143033,남,23,호,희망하지 않음,비슷한 나이대 선호,상관없습니다,16
이재민,2021190058,여,22,상관 없음,상관 없음,비슷한 나이대 선호,없습니다!,16
